text,category
"锻炼身体可以促进身体新陈代谢，对身体健康有益。",健康健身
"最近迷上了一款新游戏，玩起来很过瘾。",其他
"篮球是一项非常好的全身运动方式，对身体健康有很好的帮助。",健康健身
"美食是一种享受生活的方式。",其他
"跑步是我每天的必修课，让我保持健康的身体。",健康健身
"沉迷手机游戏不仅会耗费时间，还会对身体健康造成负面影响。",其他
"多喝水可以帮助身体排毒，保持身体健康。",健康健身
"阅读是一种可以让人精神放松的方式。",其他
"饮食健康对身体健康至关重要，要注意营养搭配。",健康健身
"音乐可以让人的心情愉悦，是生活中不可缺少的一部分。",其他
"打羽毛球是一项可以锻炼身体的好运动。",健康健身
"电影可以让我们感受到不同的情感和人生经历。",其他
"坚持锻炼可以提高身体素质，预防多种疾病。",健康健身
"喜欢旅行可以让我们了解更多不同的文化和人生经历。",其他
"每天适当的休息和放松对身体健康非常重要。",健康健身
"购物可以带给我们一些短暂的快乐，但不能成为我们生活的全部。",其他
"游泳是一项可以让身体全面得到锻炼的好运动。",健康健身
"朋友是我们生活中重要的一部分，可以让我们得到支持和陪伴。",其他
"骑自行车是一项可以锻炼身体，同时又可以欣赏美景的好运动。",健康健身
"沉迷于电子产品不仅会影响视力，还会对身体健康造成不利影响。",其他
"健康的生活方式可以让我们的身体更加健康，也能够让我们的心情更加愉悦。",健康健身
"学习新知识可以让我们开阔眼界，拓展思路。",其他
faerara,其他
fa32131frqaewrf,其他
"每天早上喝一杯水，有利于身体的排毒。",健康
"坚持每天运动，可以让身体更加健康。",健康
"多喝水可以保持身体的水分平衡，有益于健康。",健康
"每天喝水可以保持身体健康。","健康健身"
"我喜欢在阳光明媚的天气里去公园散步。","其他"
"有氧运动可以提高心肺功能，促进身体健康。","健康健身"
"周末打算去郊游，享受大自然的美景。","其他"
"健康的饮食习惯对身体非常重要。","健康健身"
"听音乐是一种很好的放松身心的方式。","其他"
"坚持锻炼可以提高身体的免疫力，减少生病的几率。","健康健身"
"最近开始学习一门新技能，感觉很有趣。","其他"
"游泳是一种很好的全身运动方式，对身体健康有益。","健康健身"
"周末打算和家人一起去逛街购物。","其他"
"每天保持充足的睡眠时间，对身体健康有帮助。","健康健身"
"最近在读一本很好看的小说，很有情节。","其他"
"有规律的锻炼可以提高身体的代谢水平。","健康健身"
"最近很喜欢看电影，看了好多好片子。","其他"
"晨跑是一种很好的早上运动方式，可以让人精神饱满。","健康健身"
"周末计划和朋友一起去KTV唱歌。","其他"
"健康饮食可以减少肥胖和其他慢性疾病的风险。","健康健身"
"最近在学习一门新语言，感觉很有挑战性。","其他"
"瑜伽是一种很好的舒缓身心的运动方式。","健康健身"
"锻炼身体可以促进身体新陈代谢，对身体健康有益。",健康健身
"周末去了一趟动物园，看到了许多有趣的动物。",其他
"每天保持8小时的睡眠可以促进身体健康。",健康健身
"最近读了一本很好的小说，非常值得推荐。",其他
"游泳是一项非常好的全身运动方式，对身体健康有很好的帮助。",健康健身
"周末和朋友们去爬山，感觉非常充实。",其他
"饮食中适量摄入蛋白质对身体健康有很好的维护作用。",健康健身
"最近在看一部非常好的电视剧，情节非常精彩。",其他
"瑜伽可以帮助人们缓解身体紧张的情况，对身体健康有益。",健康健身
"最近喜欢上了一款新出的手机游戏，非常好玩。",其他
"骑自行车是一种很好的户外运动方式，对身体健康有很好的帮助。",健康健身
"周末去了一家新开的餐厅，味道非常棒。",其他
"在饮食中适当控制脂肪的摄入可以帮助身体健康的维护。",健康健身
"最近在看一本很好的文学经典，深受启发。",其他
"跳绳是一项非常好的有氧运动方式，对身体健康有很好的锻炼作用。",健康健身
"周末和家人一起去了趟海滨城市，非常开心。",其他
"保持良好的饮食习惯可以对身体健康的维护产生积极作用。",健康健身
"最近在追一部非常好看的美剧，情节非常吸引人。",其他
"登山是一种很好的锻炼方式，可以促进身体健康。",健康健身
"最近在学习一门新技能，感觉非常有意思。",其他
"周末打算和朋友一起去露营，感受大自然的美好。","其他"
"身体健康是实现生活幸福的基础。","健康健身"
"最近在看一部很火的电视剧，剧情非常吸引人。","其他"
"徒步旅行是一种很好的锻炼方式，对身体健康有益。","健康健身"
"早睡早起可以让身体更加健康，保持好的作息习惯。",健康
"多吃一些蔬菜水果，有助于身体健康。",健康
"不要吸烟、不要喝酒，对身体健康有益。",健康
"合理膳食搭配可以让身体更加健康，保持良好的身体状态。",健康
"每天保持一定的运动量，可以增强身体的免疫力。",健康
"每天保持心情愉快，可以促进身体健康。",健康
"定期体检可以让我们及早发现身体的问题，保持身体健康。",健康
fatwrtwytgs,其他
reqhbgdrtew,其他
oirtgsvewqgf,其他
shges,其他
gsjhdrryh,其他
rtgsjy543,其他
45wtgsgrfs,其他
tgrshb,其他
rseyhw435tg,其他
hjydhnbvc,其他
ryhu4wgstr,其他
srgszgs,其他
这个健身计划真的很有效果！,健康健身
我的饮食计划有助于减肥。,健康健身
跑步是一种非常好的锻炼方式。,健康健身
我喜欢在户外徒步旅行。,健康健身
今天的天气非常好。,其他
我想去看一部电影。,其他
最近有什么新书值得一读？,其他
下周末我打算去游乐园。,其他
"我刚刚看了一部很好的电影，感觉非常棒。",其他
"最近在学习一门新的技能，感觉很有意思。",其他
"我每天都去健身房锻炼，感觉非常好。",健康健身
"瑜伽是一种能够帮助你放松身心的运动方式。",健康健身
"周末计划去旅行，期待旅途的美好。",其他
"最近迷上了一款新游戏，玩起来很过瘾。",其他
"快步走是一种非常适合中老年人进行的有氧运动方式。",健康健身
"饮食要注意多吃蛋白质食物，有助于促进肌肉生长。",健康健身
"听音乐是一种非常好的放松方式，可以缓解身体疲劳。",其他
"最近开始学习一门新的语言，希望能够掌握它。",其他
"在家自己做一些美食，也是一种非常有趣的体验。",其他
"保持良好的饮食习惯对健康非常重要。",健康健身
"跑步是一种很好的有氧运动，对心肺功能有很好的锻炼作用。",健康健身
"多吃蔬菜水果，对身体有益。",健康健身
"今天的天气真好，适合户外运动。",其他
"我刚刚购买了一部新手机，性能很好。",其他
"周末打算和朋友们去看一场电影。",其他
"喜欢在闲暇时阅读一些好书。",其他
"最近流行的歌曲非常好听。",其他
"跳绳是一项非常好的全身有氧运动。",健康健身
"每天坚持喝八杯水，有助于保持身体健康。",健康健身
"在家休息也可以很有趣，可以看看书、听听音乐。",其他
"最近公司里有些新项目，感觉工作很有挑战性。",其他
"健身房里的氛围非常好，可以更好地激发自己的运动潜能。",健康健身
"健康的饮食需要做到合理搭配，控制热量摄入。",健康健身
"足球是一项既锻炼身体又锻炼团队协作能力的运动。",健康健身
"手腕力量的训练可以通过举哑铃、俯卧撑等多种方式来实现。",健康健身
"每天保持心情愉悦，对身体健康有很好的帮助。",健康健身
"在冬天进行室内健身可以保证不受气候的影响。",健康健身
"保持规律的作息时间有利于身体的健康。",健康健身
"健康的饮食需要搭配合理的运动，两者缺一不可。",健康健身
"最近看了一部非常好看的电视剧，让人难以忘怀。",其他
"在家看电影也可以很有意思，可以品味不同类型的电影。",其他
"最近开始做一些手工制作，让生活更加有趣。",其他
"与朋友们聚会是一种非常愉快的体验，可以分享生活中的点滴。",其他
"最近在读一本非常好的书，让我有了很多新的思考。",其他
"在家可以做一些简单的瑜伽运动，可以缓解身体的疲劳。",其他
"最近尝试了一种新的美食，让我有了不同的味觉体验。",其他
"和家人一起看电影是一种非常温馨的体验，可以增进彼此之间的感情。",其他
"最近在学习一种新的手工技艺，让我的生活更加丰富多彩。",其他
"喜欢看一些悬疑、推理小说，可以让我陷入其中，一发不可收拾。",其他
"锻炼身体可以促进身体新陈代谢，对身体健康有益。",健康健身
"饭后散步有助于消化，可以促进身体健康。",健康健身
"每天坚持运动，可以让身体更加健康、充满活力。",健康健身
"打羽毛球是一种非常好的全身运动方式，对身体健康有很好的帮助。",健康健身
"饮食要注意控制糖分和油脂的摄入，有助于保持身体健康。",健康健身
"户外运动可以让人更好地呼吸新鲜空气，对身体健康有益。",健康健身
"饮食要适当多样化，搭配合理，有助于促进身体健康。",健康健身
"健身要注意控制运动强度，逐步增加，避免受伤。",健康健身
"每天坚持喝温水，有助于促进身体健康。",健康健身
"游泳是一种非常好的全身运动方式，对身体健康有很好的帮助。",健康健身
"饮食要注意合理搭配食材，保证膳食均衡。",健康健身
"健身要注意不要过度，避免出现疲劳和受伤。",健康健身
"每天坚持晒太阳，有助于促进身体健康。",健康健身"
喜欢在周末去公园散步，可以欣赏美丽的风景。",其他
"最近迷上了一个新的音乐人，喜欢听他的歌曲。",其他
"篮球是一项非常好的全身运动方式，对身体健康有很好的帮助。",健康健身
"饮食要注意多吃新鲜蔬果，有助于促进身体健康。",健康健身
"健身要注意科学安排运动时间，保证休息和锻炼的平衡。",健康健身
"每天坚持做一些伸展运动，可以有助于缓解身体疲劳。",健康健身
"最近开始学习一种新的乐器，希望能够掌握它的技巧。",其他
"在家看一些纪录片，可以增长见识，了解不同的知识。",其他
"乒乓球是一种非常好的全身运动方式，对身体健康有很好的帮助。",健康健身
"新鲜的水果和蔬菜对健康有益。",健康健身
"最近学会了一道新的烹饪方法，做出来的菜肴非常好吃。",其他
"健康的饮食习惯可以降低患病的风险。",健康健身
"喜欢在周末做一些户外运动，感觉非常舒适。",健康健身
"最近开始喜欢上了瑜伽，感觉身体状态有所改善。",健康健身
"健康的生活方式可以改善人的心理状态。",健康健身
"经常锻炼身体可以提高免疫力，对身体健康有益。",健康健身
"听音乐可以舒缓压力，放松身心。",其他
"健康的生活习惯可以减少生病的次数。",健康健身
"最近开始喜欢上了阅读，发现这是一种很好的放松方式。",其他
"健康的生活方式可以提高工作效率，提升生活质量。",健康健身
"经常去健身房锻炼可以塑造更加健康的身体。",健康健身
"最近购买了一辆自行车，每天骑行一会儿感觉非常舒适。",健康健身
"健康的生活方式可以降低患病的风险，延长寿命。",健康健身
"最近在学习一门新的技能，感觉非常有趣。",其他
"定期去医院体检可以保持健康，及时发现疾病。",健康健身
"健康的生活方式可以提高人的免疫力，预防疾病的发生。",健康健身
"喜欢和朋友一起出去旅行，可以放松身心，缓解压力。",其他
"每天喝足够的水可以保持身体健康，预防疾病。",健康健身
"最近迷上了一部电视剧，感觉非常好看。",其他
"经常去游泳可以锻炼身体，提高身体素质。",健康健身
"坚持早睡早起可以让身体更加健康，精力更加充沛。",健康健身
"跳绳是一种很好的有氧运动，对心肺功能的锻炼效果非常好。",健康健身
"平时多吃水果可以补充身体所需的维生素和矿物质，增强免疫力。",健康健身
"通过定期的身体锻炼，可以减轻身体的压力，缓解焦虑情绪。",健康健身
"经常散步可以促进血液循环，有助于缓解疲劳和增强体质。",健康健身
"保持积极的心态可以减轻心理压力，对身体健康非常有益。",健康健身
"多吃蔬菜可以减少摄入的热量，有助于控制体重和预防慢性疾病。",健康健身
"定期进行身体检查可以早发现早治疗，提高身体健康水平。",健康健身
"每天坚持锻炼身体可以增强心肺功能，提高身体代谢水平。",健康健身
"游泳是一项非常好的全身运动方式，对身体健康非常有益。",健康健身
"听音乐可以放松身心，缓解压力，有助于提高心情和身体健康水平。",其他
"通过学习一些新的知识和技能，可以丰富自己的生活，提高身体和心理健康水平。",其他
"良好的睡眠习惯对身体健康非常有益，有助于提高免疫力和身体代谢水平。",健康健身
"每天保持心情愉悦可以缓解心理压力，提高身体健康水平。",健康健身
"学习一些瑜伽和冥想的技巧可以帮助缓解身体和心理的压力，对身体健康非常有益。",健康健身
"多喝水可以促进身体的新陈代谢，有助于清洁身体内部的毒素。",健康健身